设置|Settings
常规|General
外观|Appearance
关于|About
界面语言|Interface language
跟随系统|System default
默认编辑模式|Default editing mode
普通模式|Standard mode
小白模式|Standard mode
专业模式|Professional mode
关闭|Close
主题|Theme
黑蓝|Dark blue
白蓝|Light blue
发布说明|Release notes
版本|Version
打开工具日志目录|Open application logs
修改后立即生效并自动保存|Changes apply immediately and are saved automatically
将军模式|Army General
单位|Units
武器|Weapons
弹药|Ammunition
战术师|Divisions
草稿总览|Draft overview
问题中心|Problem center
搜索战略营|Search battalions
新增连|Add company
新增下级|Add child
上移|Move up
下移|Move down
删除|Delete
撤销本营|Undo battalion edits
编制属性|Formation properties
棋子属性|Pawn properties
名称|Name
HQ 指挥编组|HQ command group
运输|Transport
取消运输|Remove transport
数量|Quantity
老练度|Experience
移动到|Move to
移动|Move
目标没有关联战略棋子|No strategic pawn is linked to this deck
棋子名称|Pawn name
初始行动点|Initial action points
每回合恢复行动点|Action points recovered per turn
增援初始行动点|Reinforcement action points
控制区|Zone of control
可作为初始攻击目标|Can be an initial attack target
支援范围（行动点格）|Support radius (AP cells)
战斗角色|Battle role
移动类型|Movement type
战略影响强度|Strategic influence strength
最低战略影响|Minimum influence strength
影响衰减速度|Influence decay per second
区域内阻止衰减|Prevent influence decay in zone
棋子按钮图标|Pawn button icon
地图图标组合|Map icon pair
新连|New company
新组|New group
引用工作台|Reference explorer
原文与差异|Source and changes
字段搜索|Search fields
游戏值|Game value
原始值|Raw value
应用原值|Use raw value
定位|Go to
引用者|Referenced by
引用目标|References
候选文件|Candidate file
修改前|Before
修改后|After
 · 字符偏移 | · Character offset 
 · 字节偏移 | · Byte offset 
 个| items
 个 Unit · 草稿 | Units · Drafts 
 个 · 单位池与费用联动草稿| divisions · Unit pool and cost drafts
 个顶层对象| top-level objects
 项| items
 项 · 工具问题 | · Application issues 
 项 · 点击一行查看详情| items · Select a row for details
1.7 · 将军模式、语言与高级编辑|1.7 · Army General, languages and advanced editing
Ammo 列表|Ammunition list
DEFAULT 与身份标签请谨慎取消|Review DEFAULT and identity tags before removing them
Mod 名称|Mod name
Mod 工具|Mod tools
Mod 问题 |Mod issues 
Mod 问题（|Mod issues (
Mod 项目与官方工具|Mod project and official tools
NDF 原值：|Raw NDF value: 
Unit 详情|Unit details
WARNO Mods 文件夹|WARNO Mods folder
上传 Mod|Upload Mod
事务备份与恢复|Transaction backups and restore
位置：|Location: 
修改作用域|Edit scope
修改值|Value
修改内容|Changes
允许的运输 Unit|Allowed transports
全选当前筛选|Select all filtered
全部未应用草稿|All unapplied drafts
全部条件：跨类别都满足；任一条件：任一类别命中|All conditions: match every category; Any condition: match any category
全部草稿 |All drafts 
共 |Total 
共享影响|Shared impact
内部位置|Source location
内部类型|Internal type
创建|Create
创建新 Mod|Create Mod
创建新 WARNO Mod|Create a WARNO Mod
删除选中规则|Delete selected rule
功能模块|Modules
加入批量勾选范围|Add to batch selection
加入草稿|Add to drafts
单位检查器|Unit inspector
单位池|Unit pool
单卡数量|Units per card
取整|Rounding
取消|Cancel
取消扫描|Cancel scan
只允许 1–32 位英文字母和数字；不能与现有 Mod 重名。|Use 1–32 letters or digits; the name must be unique.
只写入 .warno-editor 草稿；正式文件仍需统一预览并应用|Saves to .warno-editor drafts; preview and apply to update Mod files
只列出当前项目至少一个 Unit 上可编辑的字段|Fields editable on at least one Unit in this project
只列出所有勾选 Unit 都具备的安全字段；输入本身不会创建草稿。|Fields supported by all selected Units; typing alone does not create a draft.
只显示具有运输模块的 Unit · 已勾选 |Transport-capable Units · Selected 
只显示当前对象中已存在且能唯一定位的字段；不新增或删除槽位。|Shows existing, uniquely identified fields; weapon slots are preserved.
只读引用影响|Reference impact (read-only)
可无运输|Allow without transport
可直接填写任意非负有限部署距离|Enter any finite, non-negative deployment distance
各栏位激活费用曲线|Activation costs by category
同类标签始终任选其一；文本搜索始终与筛选结果相交。|Tags within a category use OR; text search always narrows the results.
启动开发模式|Launch developer mode
国家|Country
复制诊断|Copy diagnostics
如需只影响某些 Unit，请回到武器页按 Unit 选择作用域；这里的修改会作用于全部引用者。|To edit selected Units, use the Weapons page. This page affects every reference.
字段|Field
字段：|Field: 
存在未应用草稿时不能恢复；恢复前也会备份当前文件。|Apply or clear drafts before restoring. Current files are backed up before restore.
展示顺序|Display order
工具问题（|Application issues (
已勾选 |Checked 
已勾选只处理复选框对象；当前筛选结果会处理表格中完整筛选集合|Checked items uses the selected checkboxes; Filtered results uses the full matching set
已选 |Selected 
师|Division
师类型（单选）|Division type (single choice)
师级设置与费用|Division settings and costs
应用前会刷新基线、校验全部候选并创建事务备份。|Applying refreshes the baseline, validates all candidates and creates a transaction backup.
应用选择|Use selection
引用|References
归属|Membership
当前 |Current 
当前 Unit|Current Unit
当前显示 |Showing 
当前项目全部未应用修改 · 共 |All unapplied changes in this project · Total 
待应用草稿（|Pending drafts (
总激活点|Total activation points
恢复|Restore
打开|Open
打开 Mod 文件夹|Open Mod folder
打开日志目录|Open log folder
打开项目，或手动调用当前项目可用的官方流程；同一时间只运行一个流程。|Open a project or run an available official tool. Only one process runs at a time.
批量单位检查器|Batch unit inspector
批量编辑|Batch edit
批量选择 · 已选 |Batch selection · Selected 
把当前表格中的完整筛选结果加入勾选集合|Add all matching results to the checked selection
挂载与作用域|Mounts and scope
按 Unit 选择现有 Weapon/Ammo；局部修改自动生成最小隔离链|Select an existing Weapon/Ammo for a Unit; local edits isolate shared references automatically
按显示名或内部名的任意片段搜索 Unit|Search Units by display or internal name fragment
按显示名或内部名的任意片段搜索运输 Unit|Search transports by display or internal name fragment
排序：源文件 ↑ · 行号 ↑|Sort: source file ↑ · line ↑
搜索 Ammo 内部名或源文件|Search ammunition internal names or source files
搜索 Weapon 或 Unit 内部名的任意片段|Search Weapon or Unit internal name fragments
搜索可读名称、内部描述符或类型|Search display names, descriptors or types
搜索名称或内部描述符|Search names or internal descriptors
撤销此项|Undo this edit
操作|Operation
收起|Collapse
最大值（可空）|Maximum (optional)
最大卡数|Maximum cards
最小值（可空）|Minimum (optional)
最近项目|Recent projects
查看引用|View references
标签|Tags
栏位|Category
模块|Module
添加 Unit|Add Unit
清空|Clear
清空全部|Clear all
清空全部草稿|Clear all drafts
清空选择|Clear selection
源文件|Source file
点击表头可切换排序|Click a column header to change sorting
特色 Unit（逗号分隔）|Standout Units (comma-separated)
状态|Status
现有字段|Existing fields
现有师 |Divisions 
生成 / 编译 Mod|Generate / compile Mod
目标范围|Target scope
直接修改 Ammo 本体|Edit shared ammunition
直接选择 Ammo 修改本体字段；保存为全部引用作用域草稿|Edit ammunition directly; drafts affect all references
移除|Remove
移除此筛选|Remove this filter
移除记录|Remove entry
筛选 |Filters 
组合筛选|Combined filters
统一事务中心 · 草稿 |Transaction center · Drafts 
老练度数量倍率（XP0 起，逗号分隔）|Experience quantity multipliers (from XP0, comma-separated)
草稿|Drafts
草稿目标：|Draft target: 
草稿详情|Draft details
行 |Line 
行号|Line
表现链（只读）|Visual references (read-only)
角色|Role
诊断详情|Diagnostic details
调用 WARNO 自带的 CreateNewMod.bat；成功后会自动打开新项目。|Runs WARNO's CreateNewMod.bat and opens the new project after success.
选|Select
选中对象|Selected object
选择包含 GameData 的 Mod 根目录|Select a Mod root folder containing GameData
选择当前 Mod 中已有的前置部署档位作为参考|Choose an existing deployment distance from this Mod
选择文件夹|Choose folder
选择标签|Select tags
锁定项是 Unit 身份标签，避免误删|Unit identity tags are locked to prevent accidental removal
阵营|Coalition
项目|Project
项目诊断|Project diagnostics
预览并应用全部|Preview and apply all
预览批量结果|Preview batch results
专业模式可直接编辑自定义标签；使用英文逗号分隔|Professional mode accepts custom tags separated by commas
专业模式：完整费用数组；第 11 档以后只在这里显示并原样保留|Professional: full cost array, including entries beyond the tenth
专业模式：英文逗号分隔的内部名|Professional: comma-separated internal names
专业模式：英文逗号分隔，可保留自定义标签|Professional: comma-separated values, including custom tags
高级详情|Advanced details
费用与部署|Cost and deployment
费用|Cost
指挥点|Command points
部署价格|Deployment cost
将军模式价格|Army General cost
单位在将军模式中的价格|Unit cost in Army General
生存与防护|Survivability and protection
耐久|Durability
生命值|Health
最大物理伤害承受|Maximum physical damage sustained
压制承受|Suppression capacity
最大压制伤害承受|Maximum suppression sustained
眩晕承受|Stun capacity
最大眩晕伤害承受|Maximum stun damage sustained
正面护甲族|Front armor family
正面装甲|Front armor
侧面护甲族|Side armor family
侧面装甲|Side armor
后方护甲族|Rear armor family
后方装甲|Rear armor
顶部护甲族|Top armor family
顶部装甲|Top armor
防护|Protection
界面显示正百分比；保存时自动换回代码层负值|Displays a positive percentage; saving converts it to the negative NDF value
界面百分比 = -HitRollECM × 100；只接受 0 到 100%|Displayed percentage = -HitRollECM × 100; range 0–100%
机动与续航|Mobility and endurance
速度与操纵|Speed and handling
最大速度|Maximum speed
通用移动模块速度|General movement speed
最大公路速度|Maximum road speed
单位在公路上的最高速度|Maximum speed on roads
加速度|Acceleration
陆地移动模块加速度系数|Ground movement acceleration coefficient
减速度|Deceleration
陆地移动模块减速度系数|Ground movement deceleration coefficient
转向时间|Turning time
陆地移动模块转向时间系数|Ground movement turning-time coefficient
秒|s
燃油|Fuel
燃油容量|Fuel capacity
显示燃油量|Displayed fuel amount
可持续移动时间|Movement endurance
实际可运行时间|Actual operating time
侦察与感知|Reconnaissance and detection
隐蔽|Concealment
隐蔽修正|Concealment modifier
单位可见性修正|Unit visibility modifier
视野基础系数|Base vision coefficients
标准高度系数|Standard-height coefficient
用于半主动武器制导；不涉及半主动武器时无需修改|Used by semi-active guidance; leave unchanged when it is not relevant
低空系数|Low-altitude coefficient
高空系数|High-altitude coefficient
视野|Vision
标准视野|Standard vision
实际标准高度视野|Actual vision at standard height
低空视野|Low-altitude vision
实际低空视野|Actual low-altitude vision
高空视野|High-altitude vision
实际高空视野|Actual high-altitude vision
部署|Deployment
前置部署|Forward deployment
部署偏移距离|Deployment offset distance
战略数值|Strategic values
自动结算|Auto-resolve
战略攻击值|Strategic attack value
将军模式战略数值，用于自动结算|Army General value used for auto-resolve
战略防御值|Strategic defense value
经验加成值|Experience bonus value
基本信息|Basic information
身份|Identity
不会自动替换模型、语言或卡组|Does not automatically replace models, language or decks
不会自动替换模型、贴图、语言或卡组|Does not automatically replace models, textures, language or decks
分类|Classification
单位类别|Unit categories
AcknowUnitTypes；选项来自当前项目|AcknowUnitTypes; choices from this project
生产栏位|Production category
FactoryType；选项来自当前项目|FactoryType; choices from this project
UnitRole；选项来自当前项目|UnitRole; choices from this project
关系与标签|Relations and tags
每个标签独立选择；只修改本 Unit 的 TagSet 草稿|Select tags independently; edits this Unit's TagSet draft only
升级来源|Upgrade source
只能选择当前项目中的其他 Unit|Choose another Unit in this project
装甲 ResistanceFamily 索引|Armor ResistanceFamily index
显示 TResistanceTypeRTTI 的 Index；不改 Family|Displays TResistanceTypeRTTI Index; preserves Family
护甲族|Armor family
ResistanceFamily；步兵护甲族的 Index 固定为 1|ResistanceFamily; infantry armor Index is fixed at 1
选项来自当前 Mod 的 DamageResistance.ndf|Choices from this Mod's DamageResistance.ndf
库存|Ammunition stock
每次齐射射弹数|Shots per salvo
与 Weapon 的 Salves 相乘得到推导总弹量。|Multiplied by Weapon Salves to derive total ammunition.
界面每轮数量|Displayed shots per salvo
仅写 Ammo 的界面显示基数。|Edits the ammunition display base only.
射程|Range
对地最小射程|Minimum ground range
原始 GRU；当前没有可靠的统一界面换算。|Raw GRU; no reliable universal display conversion is available.
对地最大射程|Maximum ground range
对直升机最小射程|Minimum helicopter range
原始 GRU。|Raw GRU.
对直升机最大射程|Maximum helicopter range
对固定翼最小射程|Minimum aircraft range
对固定翼最大射程|Maximum aircraft range
对投射物最小射程|Minimum projectile range
对投射物最大射程|Maximum projectile range
伤害|Damage
伤害族|Damage family
选项来自当前 Mod 的 DamageResistance.ndf。|Choices from this Mod's DamageResistance.ndf.
伤害/穿深索引（原始）|Damage / penetration index (raw)
伤害族 Index 不保证等于游戏面板数值。|The damage-family Index may differ from the in-game value.
物理伤害|Physical damage
Ammo 原始伤害值。|Raw ammunition damage value.
压制伤害|Suppression damage
Ammo 原始压制值。|Raw ammunition suppression value.
伤害溅射|Damage splash radius
压制溅射|Suppression splash radius
精度|Accuracy
静止精度|Stationary accuracy
BaseHitValueModifiers/Idling 原始值。|Raw BaseHitValueModifiers/Idling value.
移动精度|Moving accuracy
BaseHitValueModifiers/Moving 原始值。|Raw BaseHitValueModifiers/Moving value.
散布|Dispersion
最小距离散布|Minimum-distance dispersion
实际弹道散布。|Actual ballistic dispersion.
最大距离散布|Maximum-distance dispersion
角散布|Angular dispersion
Ammo 原始角散布值。|Raw ammunition angular dispersion.
射击|Firing
射击间隔|Shot interval
 秒| s
齐射间隔|Salvo interval
瞄准时间|Aim time
弹道|Ballistics
弹速|Projectile speed
ProjectileSpeedGRU 原始值。|Raw ProjectileSpeedGRU value.
最大加速度|Maximum acceleration
仅在当前 Ammo 已有字段时可编辑。|Editable only when this field already exists on the ammunition.
补给|Supply
补给消耗|Supply cost
行为|Behavior
允许点地射击|Allow fire at position
允许移动射击|Allow firing on the move
间接射击|Indirect fire
反应射击|Reactive fire
射后不理|Fire and forget
IsFireAndForget；字段不存在时不猜测。|IsFireAndForget; missing fields are not inferred.
Weapon.Salves 中与 AmmoBoxIndex 对应的项。|Weapon.Salves entry corresponding to AmmoBoxIndex.
挂载与库存|Mounts and ammunition
挂载|Mount
使用的 Ammo|Assigned ammunition
只能替换为当前项目中已有 Ammo；不新增槽位。|Select existing ammunition in this project; no slots are added.
在界面隐藏|Hide in interface
仅编辑已存在的 HideInInterface。|Edits existing HideInInterface only.
炮塔|Turret
界面以角度显示，写回弧度。|Displays degrees and saves radians.
射界|Firing arc
库存与消耗|Stock and supply
作战性能|Combat performance
射击与弹道|Firing and ballistics
行为设置|Behavior settings
其他|Other
全部|All
可用|Available
部分可用|Partially available
不可用|Unavailable
解析异常|Parse error
有草稿|Has drafts
无草稿|No drafts
冲突|Conflict
全部条件|All conditions
任一条件|Any condition
已勾选 Unit|Checked Units
当前筛选结果|Filtered results
不取整|No rounding
四舍五入|Round to nearest
向下取整|Round down
向上取整|Round up
仅当前单位|Current Unit only
当前选中的多个单位|Selected Units
全部引用|All references
请选择|Select
尚未选择单位|No Unit selected
尚未打开项目|No project open
等待选择项目|Waiting for a project
请选择一个 WARNO Mod 文件夹|Select a WARNO Mod folder
草稿已恢复|Draft restored
草稿已保存|Draft saved
战略草稿已保存|Strategic draft saved
侦察|Recon
空降|Airborne

上一页|Previous page
下一页|Next page
应用全部草稿|Apply all drafts
原始值无效|Invalid raw value
设为固定值|Set value
当前值 × 系数|Multiply current value
当前值 + 数值|Add to current value
当前值增加百分比|Increase by percent
当前值减少百分比|Decrease by percent
目标值|Target value
系数，例如 1.1|Multiplier, e.g. 1.1
增加的数值，可为负数|Amount to add (may be negative)
增加百分比，例如 10|Increase percentage, e.g. 10
减少百分比，例如 10|Decrease percentage, e.g. 10
仅当前 Unit|Current Unit only
所选 Unit|Selected Units
是|Yes
否|No
对象浏览|Object browser
Mod 问题|Mod issues
工具问题|Application issues
名称与来源|Name and source
所属师|Division membership
草稿状态|Draft status
恢复失败|Restore failed
应用失败|Apply failed
应用完成|Apply completed
确认应用全部草稿|Confirm all changes
确认恢复|Confirm restore
无法准备应用|Cannot prepare changes
无法加入批量草稿|Cannot add batch drafts
无法创建 Mod|Cannot create Mod
无法打开项目|Cannot open project
未找到有效 Mod|No valid Mod found
当前没有可编辑字段|No editable fields available
请输入整数|Enter an integer
请输入数字|Enter a number
数值不能为负数|Value cannot be negative
请选择是或否|Choose Yes or No
战略目标不可用|Strategic target is unavailable
战略草稿身份或基线已变化，请重新编辑|The strategic draft identity or baseline has changed. Edit it again.
单位必须存在，老练度为 0–3，数量必须大于 0|The Unit must exist, experience must be 0–3 and quantity must be positive.
新增运输必须具备可识别运输模块|A new transport must have a recognized transport module.
名称不能为空或含控制字符|Names cannot be empty or contain control characters.
原 Pack 不存在|The original Pack no longer exists.
编组身份为空或重复|Formation identities are empty or duplicated.
棋子字段集已变化|The pawn field set has changed.
布尔值无效|Invalid boolean value.
无战略棋子，无法修改棋子名称|No strategic pawn is linked; its name cannot be edited.
缺少 DeckPackList|DeckPackList is missing.
缺少 DeckCombatGroupList|DeckCombatGroupList is missing.
缺少 SmartGroupList|SmartGroupList is missing.
存在未编组 Pack 槽，保留只读以免丢失|Unassigned Pack slots exist; formation editing is read-only.
PackIndex 越界或数量无效|PackIndex is out of range or quantity is invalid.
PackIndex 重叠或元组覆盖不同 Pack|PackIndex ranges overlap or a tuple spans different Packs.
确认后才会创建备份并提交。|A backup is created and changes are committed only after confirmation.
正在建立项目字段、名称与引用索引|Indexing fields, names and references
正在建立 Weapon/Ammo 关系与共享影响索引|Indexing Weapon/Ammo relationships and shared impact
正在建立战术师、单位池、默认 Deck 与费用索引|Indexing divisions, pools, decks and costs
草稿冲突：{0}|Draft conflict: {0}
战略草稿保存失败：{0}|Strategic draft save failed: {0}
{0} 必须选择当前 Mod 已有值|{0} must use a value already present in this Mod.
{0} 数值无效|Invalid value for {0}.
删除 {0} 及其下级编制？|Delete {0} and all its child formations?
删除编组|Delete formation
AmmoBox {0} 齐射次数|AmmoBox {0} salvo count
作用域：{0} 个勾选 Unit|Scope: {0} checked Units
已扫描 {0}/{1} 个文件|Scanned {0}/{1} files
正在读取 {0}|Reading {0}
扫描完成 · {0} 个对象 · {1} 条诊断|Scan complete · {0} objects · {1} diagnostics
扫描完成 · {0} 个 Unit · {1} 项草稿|Scan complete · {0} Units · {1} drafts
已识别 · {0}/{1} 个只读模块可用|Recognized · {0}/{1} modules available
解析异常 · 已识别 {0} 个对象|Parse errors · {0} objects recognized
{0} · {1} 个对象|{0} · {1} objects
已识别 {0} 个源文件|Found {0} source files
主战|Combat
辅助支援|Auxiliary support
地面支援|Ground support
航空支援|Air support
机械化|Mechanized
步行|Foot
直升机|Helicopter
航空|Air
炮兵|Artillery

问题 {0}|Issues {0}
可用 · {0} 个源文件|Available · {0} source files
部分可用 · 找到 {0}/{1} 个源文件|Partial · {0}/{1} source files
分别查看 Mod 问题与工具问题|View Mod and application issues separately
查看当前项目全部未应用修改|All unapplied changes in this project
原始索引自动重算|Indices are recalculated automatically

将应用 {0} 项草稿到 {1} 个正式文件。|Apply {0} drafts to {1} Mod files.
备份编号：{0}|Backup ID: {0}
文件：|Files:
日志：{0}|Log: {0}
应用完成。|Changes applied.
……另有 {0} 项|... and {0} more changes
将军模式 · {0} · {1} 连 / {2} 单位|Army General · {0} · {1} companies / {2} units
已重新索引并确认 {0} 项草稿基线|Reindexed and verified {0} draft baselines
已构建并验证 {0} 个正式文件候选|Built and validated {0} candidate Mod files
NDF 对象签名、字段目标、引用和 NameToken 唯一性通过|NDF signatures, field targets, references and NameToken uniqueness passed
战术默认 Deck 不含战略 PackIndex；引用与容量已按 P5 规则校验|Tactical decks contain no strategic PackIndex; references and capacity validated
战略编组、单位/运输、共享隔离及 PackIndex 候选已校验|Strategic formations, Units/transports, shared isolation and PackIndex candidates validated
没有可安全应用的草稿，或草稿仍存在冲突。|No safely applicable drafts, or unresolved draft conflicts remain.
已有事务正在进行。|A transaction is already in progress.
正在刷新未提交编辑并构建应用预览…|Flushing edits and preparing the preview…
正在重新索引并校验应用候选…|Reindexing and validating candidates…
已取消本次事务；正式文件未改变|Transaction canceled; Mod files are unchanged
游戏内名称|In-game name

黑金|Black & Gold
黑绿终端|Black & Green
石墨青|Graphite & Cyan
暖纸棕|Warm Paper
冷白蓝|Cool White
自定义背景|Custom Background
启用背景图片|Enable background image
选择 / 替换图片|Choose / Replace Image
移除图片|Remove Image
图片不透明度（0–30%）|Image opacity (0–30%)
铺满裁剪|Fill and Crop
完整显示|Fit Image
平铺|Tile
全选|Select All
取消全选|Deselect All
应用选中项|Apply Selected
删除选中项|Delete Selected
批量修改|Batch Edit
当前值增加固定数值|Add Fixed Amount
当前值减少固定数值|Subtract Fixed Amount
自动查找 Mod|Find Mods Automatically
正在查找 WARNO Mod…|Searching for WARNO mods…
找到 {0} 个 Mod，请选择后打开|Found {0} mods. Select one to open.
已找到 WARNO，但没有可编辑的 Mod。关闭后可使用“创建新 Mod”。|WARNO found, but no editable mods. Close this window and choose Create New Mod.
未找到 WARNO，请手动选择 Mod 文件夹。|WARNO was not found. Select a mod folder manually.
手动选择文件夹|Choose Folder Manually
清除筛选|Clear Filters
Pack 与索引|Packs & Indices
起始索引|Start Index
所属连 / 排|Company / Platoon
应用到草稿|Save to Drafts
自动重排索引|Recalculate Indices
修改当前编制；每行表示一个连续槽位区间。|Edit the current formation. Each row represents a contiguous range of slots.
组|Group

允许指定地点射击|Allow fire at position
允许行进间射击|Allow firing on the move
使用间接射击|Indirect fire
短装填时间|Shot interval
长装填时间|Salvo interval
护甲类型|Armor Type
正面护甲类型|Front Armor Type
侧面护甲类型|Side Armor Type
后方护甲类型|Rear Armor Type
顶部护甲类型|Top Armor Type
只影响大厅显示，基本不必修改。|Only affects lobby display; usually no need to change it.
四向类型不同，请选择统一类型|Sides use different types. Select a common type.
四个方向的护甲数值必须适用于所选类型，请先分别调整数值。|All four armor values must fit the selected type. Adjust the values first.
专业模式：完整费用数组；第 11 格以后只在这里显示并原样保留|Professional: full cost array; slots after 10 are shown here and preserved.
报错系统尚不完善，可能存在误报。如未进行相关操作，请忽略该提示。|Error reporting is still being improved and may produce false alarms. If you have not performed the related action, please disregard the message.
忽略选中问题|Ignore Selected
恢复选中问题|Restore Selected
已忽略|Ignored
伤害类型|Damage Type
新增单位|New Unit
编辑创建设置|Edit Creation Settings
1 选择母版|1 Template
2 基本设置|2 Basics
3 武器配置|3 Weapons
4 可用师|4 Divisions
5 创建草稿|5 Draft
基于当前 Mod 的现有单位创建，沿用模型和动画。|Create from an existing unit in this mod, reusing its model and animations.
为新单位建立独立武器配置|Create independent weapons for the new unit
沿用母版的武器挂载；独立配置复制 Weapon，弹药保持共享，后续局部修改按需隔离。|Reuse the template loadout. Independent configuration copies weapons; ammunition stays shared until a local edit needs isolation.
选择当前行运输|Select Transports for Current Row
母版|Template
所选师|Selected Divisions
加入草稿后可继续调整，正式文件只在应用草稿时写入。|You can keep editing the draft. Formal files change only when drafts are applied.
上一步|Back
下一步|Next
无法创建单位|Cannot Create Unit
请选择母版|Select a template unit
请选择待创建单位|Select a pending new unit
请先打开完整的单位与武器模块|Open a mod with compatible unit and weapon modules first
正在校验新单位…|Validating new unit...
新增单位已加入草稿|New unit added to drafts
所选师不可用|Selected division is unavailable
新单位护甲类型与数值不匹配|The new unit's armor values do not fit its armor types
新单位身份冲突|New unit identity conflict
母版已变化或不存在|Template changed or no longer exists
新单位身份无效|Invalid new unit identity
新单位名称或token已占用|New unit identifier or name token is already in use
牌组编号已占用|Deck serializer ID is already in use
武器母版已变化|Weapon template has changed
独立武器名称已占用|Independent weapon identifier is already in use
无法唯一定位UNITS.csv声明，不能新增单位|Cannot locate a unique UNITS.csv declaration for unit creation
名称表格式不兼容或token冲突|Incompatible name table or duplicate token
所选师基线已变化|Selected division has changed
选择单位|Select Units
搜索名称或内部标识|Search name or identifier
战斗类型|Battle Role
类型|Type

忽略所选问题|Ignore Selected Problems
恢复所选问题|Restore Selected Problems
师类型|Division Type
战斗角色|Battle Role

1.8 · 筛选、草稿与新增单位|1.8 · Filters, drafts and unit creation
新单位|New Unit
新单位GUID已占用|New unit GUID is already in use

原始草稿|Raw draft
以下为同一编制事务的全部修改|All changes in one formation transaction
项修改|changes
修改当前弹药名称，影响全部引用者。|Rename this ammunition for all units using it.
战略草稿无法解析，请查看冲突原因|Cannot read strategic changes; check the conflict details
营/团名称|Battalion/regiment name
棋子|Pawn
位置|Position
指挥编组|HQ group
起始索引|Start index
连 {0} · {1}|Company {0} · {1}
组 {0} · {1}|Group {0} · {1}
单位 {0}|Unit {0}
{0} / {1}|{0} / {1}
{0}：{1} → {2}|{0}: {1} → {2}

1.8.7 · 单实例运行|1.8.7 · Single-instance mode

搜索弹药名称、内部名、token或源文件|Search ammo name, internal ID, token or source file
默认初始资金|Default starting funds
初始资金选项|Starting funds options
默认时间限制（分钟）|Default time limit (minutes)
时间限制选项（0 为不限时）|Time limit options (0 = unlimited)
征服胜利分数|Conquest victory scores
歼灭胜利分数选项|Destruction victory score options
征服基础收入|Conquest base income
征服收入间隔（秒）|Conquest income interval (seconds)
歼灭基础收入|Destruction base income
歼灭收入间隔（秒）|Destruction income interval (seconds)
收入倍率选项|Income multiplier options
维护费比例选项与默认值|Upkeep options and default
AI 初始资金额外加成|AI additional starting funds
AI 收入额外加成|AI additional income
AI 单位数量额外加成|AI additional unit availability
AI 单位经验等级修正|AI experience level modifier
指挥光环半径（GRU）|Command radius by level (GRU)
眩晕持续时间（秒）|Stun duration (seconds)
每秒压力恢复|Stress recovery per second
压力恢复等待（秒）|Delay before stress recovery (seconds)
脱战等待（秒）|Out-of-combat delay (seconds)
攻击后暴露时间（秒）|Reveal duration after attack (seconds)
补给范围（GRU）|Supply range (GRU)
每秒燃料补给|Fuel supplied per second
燃料补给每秒成本|Fuel supply cost per second
每秒生命值修复|Health repaired per second
生命值修复每秒成本|Health repair cost per second
每秒弹药补给|Ammunition supplied per second
每秒故障修复|Critical repairs per second
故障修复每秒成本|Critical repair cost per second
默认登车半径|Default loading radius
击杀经验倍率|Experience multiplier on kill
将军参战名额（战斗／辅助／空中／地面支援）|Army General battle slots (combat / auxiliary / air / ground support)
将军初始战术点（攻方／守方）|Army General starting points (attacker / defender)
将军战术点收入（攻方／守方）|Army General income (attacker / defender)
营士气|Battalion morale
将军战术时限（分钟）|Army General battle time limit (minutes)
将军战术胜利分数|Army General victory score limit
地面交战行动点|Ground battle action points
飞机交战行动点|Aircraft battle action points
防空驻防行动点|AA fortification action points
单位解散阈值|Unit dissolution threshold
瘫痪单位修复回合数|Disabled unit repair delay (turns)
最大疲劳|Maximum fatigue
每回合疲劳恢复|Fatigue recovery per turn
最大疲劳溃退时清空行动点|Clear action points on maximum-fatigue rout
攻方战后疲劳（战果按攻方视角）|Attacker fatigue after battle (attacker outcome)
守方战后疲劳（战果按攻方视角）|Defender fatigue after battle (attacker outcome)
将军 AI 战术收入额外加成|Army General AI additional tactical income
将军 AI 单位经验加成|Army General AI unit experience bonus
游戏规则|Game rules
单位特性|Unit specialties
搜索游戏规则|Search game rules
已选|Selected
基础模式 32 项 · 专业模式 50 项。修改保存为草稿；在草稿中心应用。参战名额变化会联动表长，新增列沿用末列值。|32 basic settings / 50 professional settings. Changes are saved as drafts; apply them in the draft center. Battle slot changes resize related tables; new cells repeat the last value.
侦察显示评级门槛|Recon display thresholds
档位参考|Preset reference
视野上限|Vision limits
标准视野上限|Standard vision limit
低空视野上限|Low-altitude vision limit
高空视野上限|High-altitude vision limit
观察强度|Optical strength
标准观察强度|Standard optical strength
低空观察强度|Low-altitude optical strength
高空观察强度|High-altitude optical strength
值|Value
值 · {0}|Value · {0}
攻方 · 参战数量 · {0}|Attacker · participating units: {0}
守方 · 参战数量 · {0}|Defender · participating units: {0}
维护费比例选项|Upkeep options
默认维护费比例|Default upkeep
维护费比例选项 · {0}|Upkeep option · {0}
战斗|Combat
空中支援|Air support
非常简单|Very easy
简单|Easy
普通|Normal
困难|Hard
非常困难|Very hard
极难|Hardest
惨败|Total defeat
重大失败|Major defeat
小败|Minor defeat
平局|Draw
小胜|Minor victory
重大胜利|Major victory
全面胜利|Total victory
未指定战果|Unspecified outcome
当前 Mod 缺少此文件|This file is missing from the current Mod
只修改 SpecialtiesList；不会自动修改武器、烟幕、运输或 TagSet|Edits SpecialtiesList only; weapons, smoke, transport and TagSet are not changed automatically.
视野扫描距离上限（GRU）；基础模式按原始比例联动低空和高空|Scan range limit (GRU). Basic mode scales low and high altitude values using the original ratios.
侦察显示评级门槛参考；实际探测还受隐蔽和视野上限影响|Display-rating threshold reference. Actual detection also depends on concealment and vision limits.
原始标准值为零或三项不是可编辑数值，请在专业模式分别修改|The original standard value is zero, or one of the values is not directly editable. Edit the three values separately in professional mode.
缺少唯一字段：{0}|Missing or ambiguous field: {0}
缺少唯一选项：{0}|Missing or ambiguous option: {0}
数值格结构已变化|The numeric cell structure has changed.
缺少字段；编辑后将通过草稿安全补建|This field is missing. Editing will add it through a validated draft.
只允许修改数值|Only numeric values can be edited.
GDC 显示门槛：0 / 1768 / 2651 / 3535 / 5301 / 7068。原版常见组合（观察强度 / 识别率 / 周期秒）：1590 / 0.1 / 15；2473 / 0.2 / 12；3180 / 0.3 / 10；5300 / 0.5 / 6；7067 / 0.6 / 5；8834 / 0.75 / 4；侦察机特例 7500 / 1 / 2。仅作参考，选档不会修改识别率、周期或视野上限。|GDC display thresholds: 0 / 1768 / 2651 / 3535 / 5301 / 7068. Common stock combinations (optical strength / identification probability / interval in seconds): 1590 / 0.1 / 15; 2473 / 0.2 / 12; 3180 / 0.3 / 10; 5300 / 0.5 / 6; 7067 / 0.6 / 5; 8834 / 0.75 / 4; recon aircraft exception: 7500 / 1 / 2. Reference only; selecting a threshold does not change identification probability, interval or vision limits.
基础模式 32 项 · 专业模式 50 项|32 basic settings / 50 professional settings
特性列表不是直接数组，引用暂不改写|Specialties are referenced rather than stored as a literal array; this value is read-only.
编辑当前 Mod 的游戏规则|Edit the current Mod game rules
修改保存为草稿；在草稿中心应用。参战名额变化会联动表长，新增列沿用末列值。|Changes are saved as drafts; apply them in the draft center. Battle slot changes resize related tables; new cells repeat the last value.
元组数量|Tuple count
元组索引|Tuple index

最小化|Minimize
最大化 / 还原|Maximize / Restore
正在保存草稿，请稍候。|Saving drafts. Please wait.
草稿保存失败，已保留当前项目和输入：{0}|Could not save drafts. Your current project and input have been kept: {0}
请先修正当前输入。|Please correct the current input first.
无法切换项目|Could not switch projects
当前作用域没有有效的 Weapon/Ammo 引用。|The current scope has no valid Weapon/Ammo references.

已在运行|Already running
WARNO Lite Modding Tool 已在运行。|WARNO Lite Modding Tool is already running.

共有字段|Common fields
多种值|Mixed values
请输入目标值|Enter a target value
打开你的Mod，开始编辑|Open your Mod to start editing
所选 Unit 当前值不同；输入目标值后再加入草稿|Selected units have different values. Enter a target value before adding a draft.

原版名称|Original game names
自动查找 WARNO|Find WARNO automatically
选择游戏目录|Choose game folder
刷新名称|Refresh names
关闭设置后加载名称|Names will load when settings closes
打开项目时自动加载原版名称|Original names load when opening a project
原版名称已加载|Original names loaded
原版名称不可用，请在设置中选择游戏目录|Original names unavailable; choose the game folder in settings
所选目录缺少 WARNO Data/PC。|The selected folder has no WARNO Data/PC directory.
正在加载原版名称…|Loading original game names…
请先在设置中加载原版名称，再创建或修改名称。|Load original game names in settings before creating or changing names.

缓存上次打开的 Mod，加快再次打开|Cache the last opened Mod for faster reopening
下次打开生效。文件变化时重新加载，草稿仍从当前 Mod 恢复。|Takes effect on next open. Changed files are reloaded; drafts are restored from the current Mod.
清除 Mod 缓存|Clear Mod cache

槽位固定，可选择当前 Mod 的 Ammo。替换会自动复制对应武器；勾选上方选项则复制全部武器。模型、动画和挂架保持母版设置。|Slots are fixed. Select Ammo from this Mod; changed weapons are copied automatically. Check above to copy all weapons. Models, animations and mounts retain the template settings.
共用弹药箱|Shared ammo box
恢复母版|Reset to template
对象不可用|Object unavailable
无法推导|Unknown
按当前弹药计算|Calculated ammunition
草稿槽位已不存在，请重新选择母版创建。|Draft slots no longer exist. Create a new draft from a template.
母版没有可识别的武器槽位。|No recognizable weapon slots in this template.
替换槽位|Changed slots

查看图片|View image
加载图片…|Loading image…
暂无图片|Image unavailable
新建战术师|Create tactical division
名称与徽章|Name and emblem
新师|New division
无师徽|No emblem
继续编辑待创建师|Resume pending division
母版师|Template division
师徽|Emblem
沿用模板单位池、费用和默认牌组；应用后可在师页面继续调整。简介与历史文字沿用模板。|Inherits the template roster, costs and default deck. Edit them on the division page after applying. Summary and history text are inherited.
修改师名称和已有徽章，名称及标题一起更新。简介与历史文字保持原内容。|Edit the name and existing emblem. The name and title update together; summary and history text remain unchanged.

战略 Pack（SP）|Strategic Packs (SP)
编辑 Pack / 重命名|Edit / rename Pack
Pack 名称|Pack name
生成可读名称|Generate readable name
共享本体修改影响全部引用|Shared Pack changes affect all references
编制资料不完整，统计仅限已识别文件|Incomplete roster data; counts cover recognised files only
槽位|Slots
营团|Formations
对局设置|Match settings
经济与收入|Economy and income
AI 难度|AI difficulty
战斗与单位行为|Combat and unit behaviour
后勤与补给|Logistics and supply
空军|Air force
连续起飞间隔（秒）|Time between takeoffs (seconds)
撤离时允许开火|Allow firing during evacuation
撤离高度（GRU）|Evacuation altitude (GRU)
飞机栏容量与布局|Aircraft panel capacity and layout
飞机栏排列|Aircraft panel grid
卡片大小倍率（相对当前文件）|Card scale (relative to current file)
武器数量|Weapon count
当前挂载的 NbWeapons；不等同于弹药数量。|NbWeapons of this mount; separate from ammunition quantity.
无运输|No transport

搜索名称、单位、运输	Search names, units and transports
返回列表	Back to list
未保存编辑	Unsaved edits
当前 Pack 有未加入草稿的修改。是：加入草稿；否：放弃修改；取消：留在当前 Pack。	This Pack has edits not yet saved to drafts. Yes: save to drafts; No: discard edits; Cancel: stay on this Pack.
请选择 Pack	Select a Pack
复制名称	Copy name
未加入草稿	Not saved to drafts
撤销编辑	Discard edits
使用位置	Used by
尚未被引用	No known references
跳转到将军模式	Go to Army General
显示	Showing
当前 Pack 有未加入草稿的修改。	This Pack has edits not yet saved to drafts.
加入草稿并切换	Save draft and switch
放弃并切换	Discard and switch
查看详情	View details
经验与老练度	Experience and veterancy
经验类型	Experience type
各等级效果	Effects by level
师徽图片编辑|Emblem image editor
确认图片|Confirm image
导入自定义图片|Import custom image
固定模板|Fixed template
番号（最多3位，可留空）|Number (up to 3 digits, optional)
深蓝|Dark blue
金黄|Gold
橄榄灰|Olive gray
生成模板|Generate template
选区工具|Selection tool
矩形裁剪|Rectangle crop
圆形透明选区|Circular transparency selection
拖动画选区；拖动内部移动；重新画框调整大小。|Drag to select. Drag inside to move; redraw to resize.
应用裁剪|Apply crop
圈外透明|Clear outside circle
圈内透明|Clear inside circle
重置图片|Reset image
画布缩放|Canvas zoom
透明棋盘|Transparency checkerboard
浅色预览|Light preview
深色预览|Dark preview
编辑参数无法恢复，保留已保存图片|Could not restore editing parameters. Saved image retained.
导入或编辑图片	Import or edit image
固定模板生成	Generate from template
选择已有师徽	Choose existing emblem
无法编辑师徽	Cannot edit emblem
修改师名称和徽章，名称及标题一起更新。简介与历史文字保持原内容。	Edit the division name and emblem. The name and title update together; description and history are retained.
允许面板独立弹出	Allow detachable panels
大面板（默认）	Whole workspace (default)
小面板（折叠分组）	Small panel (expandable group)
双击标题独立弹出	Double-click the title to detach
面板已独立打开，关闭窗口后归位	Panel detached. Close its window to restore it.
苏联近卫红旗	Soviet Guards banner
东德圆徽	East German round emblem
苏联空降盾徽	Soviet airborne shield
苏联黑底盾徽	Soviet black shield
波兰三角	Polish triangle
波兰圆形	Polish circle
波兰方形	Polish square
波兰菱形	Polish diamond
捷克菱形标记	Czech diamond symbol
捷克尖角标记	Czech pointed symbol
番号只允许最多3位数字	Enter up to 3 digits for the number

经验与老练度|Experience and veterancy
特种经验|Special forces experience
火炮|Artillery
直升机|Helicopter
固定翼|Fixed-wing
自定义|Custom
等级 {0}|Level {0}
共享使用者：{0}|Shared users: {0}
使用者与来源|Users and source
当前未发现显式使用者|No explicit users found
当前 Mod 未找到经验路线|No experience routes found in this Mod
修改共享路线，影响所有引用者。游戏提示文本未同步。|Changes affect all users of this shared route. In-game hint text is not synchronized.
升级门槛|Level thresholds
等级加成|Level effects
门槛加值|Threshold additional value
门槛价格系数|Threshold price multiplier
压制承伤修饰（%）|Suppression damage modifier (%)
速度修饰（%）|Speed modifier (%)
瞄准时间倍率|Aim-time multiplier
静止精度加值|Stationary accuracy addition
移动精度加值|Moving accuracy addition
两次齐射间隔倍率|Salvo interval multiplier
最大射程散布倍率|Maximum-range dispersion multiplier
压制恢复每秒|Suppression recovery per second
被瞄准精度加值|Accuracy-when-targeted addition
结构说明与保留效果|Structure notes and preserved effects
撤销此等级|Undo this level
尚未保存|Not saved yet
未显式配置等级效果|No explicit level effects
空效果包：{0}|Empty effects pack: {0}
等级标签（保留）：{0}|Level tags (preserved): {0}
未解释效果：{0}|Uninterpreted effect: {0}
效果被多处引用，当前版本仅支持独占效果数值编辑|This effect has multiple references; this version edits exclusively referenced effects only
当前效果语义不支持编辑|Editing this effect's modifier semantics is not supported
字段不是支持的直接数值|This field is not a supported direct numeric value
路线声明多义或源文件语法错误|Ambiguous route declaration or source syntax error
无法唯一定位等级数组|Cannot uniquely locate the levels array
不支持的等级结构|Unsupported level structure
等级效果赋值不唯一或结构不支持|Ambiguous or unsupported level effects assignment
等级效果引用缺失、多义或不支持：{0}|Missing, ambiguous or unsupported level effect reference: {0}
效果列表无法编辑：{0}|Cannot edit this effects list: {0}
等级数组为空|The levels array is empty
{0}：未配置或赋值不唯一|{0}: not configured or ambiguous assignment
部分文件无法读取，共享影响无法完整核对|Some files cannot be read; the full shared impact cannot be verified
经验路线结构已变化或无法编辑|The experience route structure changed or cannot be edited
{0}：请输入有效数值（不小于0）|{0}: enter a valid nonnegative number
{0}：请输入有效数值|{0}: enter a valid number
路线、效果或共享影响基线已变化，请撤销此项后重新编辑|The route, effects or shared users changed; undo this draft and edit again
当前等级无法编辑，请先处理诊断或撤销冲突草稿|This level cannot be edited; address the diagnostics or undo the conflicting draft
特性与实际能力|Traits and abilities
特性显示标签|Trait display labels
显示标签|Display labels
实际能力|Abilities
添加/补齐|Add / complete
未添加|Not assigned
已配套|Configured
仅显示|Display only
仅能力|Ability only
配置不完整|Incomplete
自定义或无法判断|Custom or unknown
添加能力|Add ability
替换能力|Replace ability
移除能力|Remove ability
清空能力|Clear abilities
搜索能力或完整引用|Search abilities or full references
请选择能力|Select an ability
请选择已有能力和替代能力|Select the current and replacement abilities
目标能力已存在|The ability is already assigned
当前Mod能力参数与条件|Ability parameters and conditions in this mod
实际能力摘要|Assigned abilities
仅修改显示标签|Edit display labels only
保存草稿|Save draft
配套状态描述配置，不代表游戏内实时生效。修改只影响当前单位，共享能力数值保持。|Status describes configuration, not active in-game effects. Edits affect this unit; shared ability definitions are preserved.
修改单位变量名|Rename unit variable
单位变量名|Unit variable name
重新生成建议名|Generate suggested name
注册编号|Serializer ID
检查单位注册|Check unit registration
待创建单位将在应用时注册|Pending units will be registered when applied
变量名编辑仅专业模式可用|Variable renaming requires professional mode
请先选择可编辑单位|Select an editable unit first
显示名、GUID、名称token和牌组编号保持。引用影响在应用预览中列出。|Display name, GUID, name token and serializer ID are preserved. Reference changes appear in the apply preview.
删除新建单位 / 撤销删除|Delete created unit / undo deletion
删除新建单位|Delete created unit
取消创建|Cancel creation
保存删除草稿|Save deletion draft
待删除|Pending deletion
待删除；撤销删除后可继续编辑|Pending deletion; undo deletion to resume editing
联动清理|Included cleanup
选择替代单位|Choose replacement unit
删除先保存为草稿，可撤销；正式应用后通过文件级备份恢复。共享武器、弹药和能力保留。|Deletion is staged and can be undone. After applying, recovery uses file-level backups. Shared weapons, ammunition and abilities are preserved.
取消未应用创建及必要依赖草稿，正式文件保持。|Cancel this pending creation and required dependent drafts. Formal files are unchanged.
单位操作未完成|Unit operation not completed
特性与实际能力已保存草稿|Trait and ability draft saved
仅修改显示标签，不自动赋予实际能力；配套修改请使用“特性与实际能力”|Edits display labels only, without granting abilities. Use Traits and abilities for coordinated changes.
坚定|Resolute
民兵|Militia
预备役|Reservist
警戒|Security
地面监视雷达|Ground surveillance radar
反炮兵雷达|Counter-battery radar
雷达防空干扰|Radar AA jamming
光电干扰|Electro-optical jammer
突击|Shock
宪兵|Military police
狙击|Sniper
地面干扰|Ground jamming
教官 · 步兵|Instructor · infantry
教官 · 坦克|Instructor · tank
步战车协同 · 提供支援|IFV cooperation · provider
步战车协同 · 接受支援|IFV cooperation · receiver
信号情报|Signals intelligence
单位变量名须以Descriptor_Unit_开头，后接英文字母、数字或下划线|Unit variables must start with Descriptor_Unit_ followed by ASCII letters, digits or underscores
单位变量名已占用：{0}|Unit variable name is already used: {0}
待提交名称已占用：{0}|Pending name is already used: {0}
单位或能力引用在预览后变化，请重新预览|Unit or ability dependencies changed after preview; preview again
关联草稿在预览后变化，请重新预览|Related drafts changed after preview; preview again
无法核对本项目成功创建记录，请保留或提供对应创建备份：{0}|A successful creation record could not be verified. Keep or provide the corresponding project backup: {0}
能力引用缺失、多义或类型不符：{0}|Missing, ambiguous or wrong-type ability reference: {0}
请先解除或替换引用：{0}|Remove or replace this reference first: {0}
能力依赖无法解析：{0}|Unable to resolve ability dependency: {0}

创建来源|Creation record
批量目标包含待删除单位，请先撤销删除或取消勾选|Batch targets include units pending deletion. Undo deletion or deselect them first.
当前Mod未提供唯一能力定义|This Mod does not provide a unique ability definition.
修改单位图片|Change unit picture
单位图片编辑|Unit picture editor
仅修改所选单位的卡片图片；原图保留。保存后进入草稿，应用后需生成Mod。|Changes the selected unit card picture only. The original is kept. Save a draft, apply it, then generate the Mod.
搜索单位名称或图片标识|Search unit name or picture ID
结果预览|Result preview
编辑预览图片|Edit preview image
还原本次选择|Reset this selection
保留图片比例和透明度。裁剪、缩放与圆形透明处理在独立编辑窗口中进行。|Preserves aspect ratio and transparency. Crop, zoom and circular transparency tools open in a separate editor.
选择或编辑仅预览，保存草稿后仍需应用。|Selection and editing are previews. Saved drafts still need to be applied.
未被单位使用|Not used by a unit
请先选择或导入单位图片|Select or import a unit picture first
请先选择当前Mod中的单位图片作为资源模板|Select a unit picture from this Mod as the resource template first
当前预览没有可编辑图片|No editable image in the current preview
无法读取图片|Cannot read image
单位图片已保存草稿|Unit picture draft saved
图片数据过大|Image data is too large
图片必须是PNG|Image must be PNG
图片尺寸超出4096像素|Image dimensions exceed 4096 pixels
图片在预览后变化，请重新预览|Image changed after preview. Prepare a new preview.
自定义图片目前需要唯一Normal状态纹理|Custom images currently require a single Normal texture state
单位图片标识已存在，请重新导入|Unit picture ID already exists. Import again.
单位图片文件已存在，不覆盖|Unit picture file already exists and will not be overwritten.
单位图片来源已变化，请重新选择图片|Unit picture source changed. Select the picture again.
无法唯一定位单位ButtonTexture|Cannot uniquely locate the unit ButtonTexture
单位图片引用基线已变化|Unit picture reference changed since the draft was saved
单位图片引用不是字符串|Unit picture reference is not a string
单位图片标识无效|Invalid unit picture ID
请先选择可编辑单位|Select an editable unit first
已有单位图片|Existing unit pictures
红色|Red
撤销|Undo
请先选择图片或模板|Select an image or template first
请修正番号输入|Correct the number first
图片文件超过8MB|Image file exceeds 8 MB
请先拖出选区|Drag a selection first
请先选择圆形透明选区|Select the circular transparency tool first
单位图片路径越出Mod资源目录|Unit picture path is outside the Mod resource directory

批量修改武器|Batch edit weapons
全部引用（修改共享本体）|All references (edit shared objects)
替换重叠的批量草稿范围|Replace overlapping batch draft scopes
勾选实际挂载，预览后加入草稿。所选挂载默认局部隔离；同箱库存、同炮塔射界会连带影响。|Select mounts, preview, then add to drafts. Selected mounts are isolated; shared ammo boxes and turret angles also affect sibling mounts.
搜索单位、武器、弹药显示名或内部名|Search unit, weapon or ammunition names and IDs
使用当前勾选单位|Use checked units
使用单位筛选全部结果|Use all filtered units
全选武器筛选结果|Select all filtered mounts
待创建单位：应用创建后可批改|Pending units: apply creation before batch editing
待删除单位不能加入批量草稿|Units pending deletion cannot receive batch edits
弹药箱|Ammo box
共享单位|Shared units
武器 / 弹药|Weapon / ammunition
挂载与共享|Mount and sharing
全部结果|All results
完整影响与隔离|Full impact and isolation
已保存批次|Saved batches
移除所选批次|Remove selected batch
已选挂载|Selected mounts
隐藏的已选|Selected outside filter
条件变化后请重新预览；加入草稿会重新计算。|Preview again after changing inputs. Adding to drafts always recalculates.
正在重新读取项目并计算完整影响…|Reloading project and calculating full impact…
草稿已在外部变化，请重新加载项目|Drafts changed externally. Reload the project.
挂载结构已变化，请重新加载项目|Mount structure changed. Reload the project.
批量草稿已保存，正式文件未改变。应用武器草稿时会包含相关武器批次。|Batch draft saved; Mod files are unchanged. Applying weapon drafts includes connected weapon batches.
实际字段|Distinct fields
结果行|Result rows
将修改|Will change
不变|Unchanged
跳过：字段不存在|Skipped: field unavailable
存在相关批量草稿，请在草稿中心应用或移除相关批次|Related batch drafts exist. Apply or remove them in the draft center.
批量修改武器：{0} 个字段|Batch edit weapons: {0} fields
批量武器：{0} 个 Weapon 副本、{1} 个 Ammo 副本|Weapon batch: {0} Weapon copies, {1} Ammo copies
按最终单位、挂载与字段组合隔离；同结果复用副本|Isolation uses final unit, mount and field combinations; identical results share a copy.
{0} / {1} / #{2}：同箱或同炮塔连带影响|{0} / {1} / #{2}: shared ammo box or turret impact
{0} / {1} / #{2}：全部引用|{0} / {1} / #{2}: all references
替换草稿范围：{0}|Replace draft scope: {0}
请先勾选武器挂载|Select weapon mounts first
已存在重叠草稿，请明确替换批量草稿，或在草稿中心移除单字段草稿：{0}|Drafts overlap. Enable batch replacement or remove the single-field draft in the draft center: {0}
局部与全部引用草稿对同一字段有不同目标：{0}|Local and shared drafts request different values for the same field: {0}
弹药引用已被草稿替换，请移除旧弹药参数批次后按最终弹药重新预览：{0}|A draft replaces the ammunition reference. Remove the old ammunition parameter batch and preview the final ammunition: {0}
武器草稿目标冲突：{0}|Weapon draft target conflict: {0}
武器草稿没有有效作用域：{0}|Weapon draft has no valid scope: {0}
武器批量草稿格式无效：{0}|Invalid weapon batch draft: {0}
批量字段基线已变化：{0}|Batch field baseline changed: {0}
批量字段已不存在：{0}|Batch field no longer exists: {0}
挂载结构已变化，请重新建立批量草稿：{0}|Mount structure changed. Recreate the batch draft: {0}
请先应用或移除整套武器替换草稿，再批量修改武器|Apply or remove complete weapon replacement drafts before batch editing
草稿推导总弹量|Derived total ammunition (draft)
存在武器草稿冲突，请打开批量窗口处理|Weapon drafts conflict. Open the batch window to resolve them.
参数|Parameter
运算|Operation
数值|Value
筛选|Filter
筛选结果|Filtered results
当前值|Current value
最小值|Minimum
最大值|Maximum
预览|Preview
跳过|Skipped
错误|Errors
推导总弹量|Derived total ammo
增加百分比|Increase by percent
减少百分比|Decrease by percent
增加固定值|Add a fixed value
减少固定值|Subtract a fixed value
同箱或同炮塔连带影响|Shared ammo box or turret impact

批量弹药检查器|Batch ammunition inspector
批量修改弹药|Batch edit ammunition
已勾选弹药|Checked ammunition
已选弹药|Selected ammunition
目标弹药|Target ammunition
直接修改弹药本体，影响全部使用者；筛选不限制使用者范围。|Edits shared ammunition objects and affects all users; filters do not limit the users affected.
所选弹药没有共有可编辑字段|Selected ammunition has no common editable fields
请先选择弹药|Select ammunition first
请选择已有弹药参数|Select an existing ammunition parameter
公式调整|Formula adjustments
输入不会自动保存；加入草稿时重新计算。|Input is not saved automatically; adding to drafts recalculates the result.
弹药批量草稿已保存，正式文件未改变。|Ammunition batch drafts saved; Mod files are unchanged.
预览未保存；请检查结果及全部使用者。|Preview not saved; inspect the results and all users.
全部使用者|All users
搜索弹药、武器或单位|Search ammunition, weapons or units
只显示目标弹药共有的可编辑字段；多种值留空，加入草稿后才保存。|Only common editable fields are shown. Mixed values remain blank; save explicitly with Add to drafts.
更新已有共享草稿|Update existing shared draft
恢复正式基线|Restore file baseline
变化|Changed
内部名|Internal ID
草稿已变化，请重新预览|Drafts changed. Preview again.
弹药或引用模块解析失败，请处理项目诊断|Ammunition or reference parsing failed. Resolve project diagnostics first.
存在局部弹药草稿，请先应用或移除，不能覆盖为共享修改|A local ammunition draft exists. Apply or remove it before editing the shared object.
存在局部弹药草稿，请先应用或移除，不能覆盖为共享修改：{0}|A local ammunition draft exists. Apply or remove it before editing the shared object: {0}
弹药缺少可编辑字段：{0}|Ammunition has no editable field: {0}
弹药不存在或来源已变化：{0}|Ammunition is missing or its source changed: {0}
最小射程不能大于最大射程：{0}|Minimum range cannot exceed maximum range: {0}
存在历史武器批次，请在草稿中心移除冲突项：{0}|A historical weapon batch exists. Remove the conflict in the draft center: {0}
伤害索引超出当前伤害族范围：{0}|Damage index is outside the current damage family range: {0}
弹药字段有重复草稿：{0}|Duplicate ammunition field drafts: {0}
共享弹药草稿目标冲突：{0}|Shared ammunition draft targets conflict: {0}
师简介|Division text
地形规则|Terrain rules
专业地形参数|Advanced terrain parameters
地形承伤|Terrain damage
承伤倍率|Damage taken multiplier
减伤（%）|Damage reduction (%)
减伤比例必须在0%至100%之间|Damage reduction must be between 0% and 100%.
地形隐蔽|Terrain concealment
地地遮蔽|Ground-to-ground concealment
地空遮蔽|Ground-to-air concealment
阻挡视线|Block line of sight
阻挡步兵|Block infantry
阻挡车辆|Block vehicles
阻挡两栖|Block amphibious movement
阻挡降落|Block landing
允许近地飞行|Allow near-ground flight
可燃性概率|Flammability probability
地形高度（米）|Terrain height (m)
原始隐蔽数值，不是百分比或固定发现距离|Raw concealment value, not a percentage or fixed detection distance.
视线效果还取决于观察位置和地形高度|Line of sight also depends on observer position and terrain height.
原始遮蔽参数，不是米数或百分比|Raw concealment parameter, not metres or a percentage.
普通通行与房屋驻扎是不同机制|Walking through terrain and occupying a building are separate mechanisms.
关闭阻挡不保证可通行；还需检查单位地形速度表|Disabling this block does not guarantee passage; check the unit's terrain speed factors.
不会赋予单位两栖能力，还需检查运动与速度配置|Does not grant amphibious capability; movement and speed settings still apply.
关闭此项不解除单位和坡度等其他降落限制|Other unit and slope restrictions on landing still apply.
与允许降落分开，不解除全部飞行限制|Separate from landing permission; other flight restrictions still apply.
范围0至1；设0不保证阻止忽略可燃性条件的弹药|Range 0–1. Zero does not necessarily stop ammunition that ignores flammability conditions.
不等于地图高程或模型高度|Not the map elevation or visual model height.
具体引擎作用尚未验证，本版只读|Engine behaviour is not yet verified; read-only in this version.
此组合影响双方符合条件的单位；不是最终伤害的全部公式|Affects matching units on both sides; this is only one factor in damage calculation.
修改当前Mod的共享地形规则，影响双方符合条件的单位。仅编辑已有条目。|Edits shared terrain rules in this mod, affecting matching units on both sides. Existing entries only.
当前模式没有匹配的可编辑地形条目|No matching editable terrain entries in this mode.
来源与作用范围|Source and scope
说明|Details
轻林|Light forest
密林|Dense forest
建筑|Building
小建筑|Small building
废墟|Ruins
普通地面|Default terrain
阻挡区|Blocker
浅水|Shallow water
深水|Deep water
岩石|Rock
烟雾|Smoke
建造阻挡区|Construction blocker
字段多义或不是支持的直接值|Ambiguous field or unsupported literal value.
地形身份重复或部分文件不可读取，无法安全定位|Duplicate terrain identity or unreadable files; cannot locate safely.
倍率不是支持的直接数值|Multiplier is not a supported numeric literal.
伤害修正表重复|Duplicate damage modifier map.
伤害族重复|Duplicate damage family.
目标抗性族重复|Duplicate resistance family.
可燃性概率必须在0至1之间|Flammability probability must be between 0 and 1.
请输入有效的地形参数|Enter a valid terrain value.
地形参数基线已变化|The terrain value has changed externally.
地形参数无法编辑，请先处理冲突|Resolve the conflict before editing this terrain parameter.
地形候选字段冲突|Conflicting terrain changes.
地形候选验证失败|Terrain candidate validation failed.
地形文件存在语法错误|The terrain file contains syntax errors.
地形条目不是唯一内联对象|Terrain entry is not a unique inline object.
地形注册数组不唯一或不支持|Terrain registration array is ambiguous or unsupported.
不支持的地形伤害MAP|Unsupported terrain damage map.
地形伤害MAP条目无效|Invalid terrain damage map entry.
地形身份不能唯一定位：{0}|Cannot uniquely locate terrain identity: {0}
地形共享规则（双方适用）；仅修改既有参数|Shared terrain rules (both sides); existing parameters only.
地形规则 · {0} · {1}|Terrain rules · {0} · {1}
游戏玩法简介|Gameplay summary
历史介绍|History
当前Mod默认正文|Current mod default text
原版SC|Original Chinese
原版US|Original English
原版SC（回退）|Original Chinese (fallback)
原版US（回退）|Original English (fallback)
来源未解析|Source unavailable
（来源未解析）|(Source unavailable)
正式内容|Saved content
本页有未加入草稿的输入|This page has changes not yet added to drafts.
师正文草稿已保存|Division text draft saved.
自定义正文作为默认文本使用，不会自动翻译；旧token的其他语言译文不会自动继承。|Custom text is the default for all languages. It is not translated automatically and does not inherit translations from the old token.
选择WARNO游戏目录|Choose the WARNO game folder
从本机提取 / 刷新原版简介|Extract / refresh original division text
取消提取|Cancel extraction
正在提取原版简介|Extracting original division text…
正在读取：{0}|Reading: {0}
原版简介已提取|Original division text extracted.
离线缓存，未核对游戏更新|Offline cache; game updates have not been checked.
提取已取消，已有正文和缓存保留|Extraction cancelled. Existing text and cache are preserved.
提取失败：{0}|Extraction failed: {0}
已解析师正文：{0}/{1}|Resolved division text entries: {0}/{1}
原版参考语言（切换不替换编辑内容）|Original reference language (does not replace your edits)
原版参考与token|Original reference and token
采用当前参考文字|Use this reference text
撤销本页输入|Revert page input
招牌单位在“师级设置与费用 → 特色单位”中修改。|Edit standout units under Division settings and costs → Standout units.
当前无法保存师正文|Division text cannot be saved right now.
师正文草稿冲突，请先撤销或重新加载|Conflicting division text draft; discard it or reload first.
正文不能包含空字符|Text cannot contain null characters.
本版不支持清空正文，请输入非空内容|Clearing text is not supported in this release. Enter non-empty text.
请先提取原版中英文UNITS词典，以核对正文token占用|Extract the original Chinese and English UNITS dictionaries to check token availability.
请先处理本地化声明或CSV诊断|Resolve localisation declaration or CSV diagnostics first.
无法唯一定位UNITS.csv|Cannot uniquely locate UNITS.csv.
当前Mod正文token重复|Duplicate text token in the current mod.
师正文草稿为空|Empty division text draft.
师正文草稿身份无效|Invalid division text draft identity.
师正文引用基线已变化：{0}|Division text reference changed: {0}
正文词典声明不可用或已变化|Text dictionary declaration is unavailable or has changed.
当前Mod原正文已变化|The original mod text has changed.
师正文token已占用|Division text token is already in use.
正文CSV格式或token冲突|Invalid text CSV format or token collision.
正文CSV回读失败|Text CSV verification failed.
师正文候选引用冲突|Conflicting division text references.
不支持的师正文字段|Unsupported division text field.
正文引用不是支持的字符串|Text reference is not a supported string literal.
目标师不存在|Target division does not exist.
当前师独立简介/历史正文；默认文本不自动翻译，旧词条保留|Independent text for this division; no automatic translation, old entries preserved.
{0}：请先在师简介页加入草稿或撤销本页输入|{0}: add the division text to drafts or revert page input first.
游戏数据没有可用的UNITS正文词典。|No usable UNITS text dictionary was found in the game data.
当前倍率超出普通范围，请在专业模式处理|The current multiplier is outside the basic range. Edit it in professional mode.

正在更新本次修改及关联数据…|Updating changes and related data…
应用完成，关联数据已更新|Applied; related data updated
应用完成；原选中单位已移除，已选择相邻单位|Applied; the selected unit was removed, so a neighbouring unit is selected
